-- MySQL Script generated by MySQL Workbench
-- Fri May 17 13:34:45 2019
-- Model: New Model    Version: 1.0
-- MySQL Workbench Forward Engineering

SET @OLD_UNIQUE_CHECKS=@@UNIQUE_CHECKS, UNIQUE_CHECKS=0;
SET @OLD_FOREIGN_KEY_CHECKS=@@FOREIGN_KEY_CHECKS, FOREIGN_KEY_CHECKS=0;
SET @OLD_SQL_MODE=@@SQL_MODE, SQL_MODE='ONLY_FULL_GROUP_BY,STRICT_TRANS_TABLES,NO_ZERO_IN_DATE,NO_ZERO_DATE,ERROR_FOR_DIVISION_BY_ZERO,NO_ENGINE_SUBSTITUTION';

-- -----------------------------------------------------
-- Schema mydb
-- -----------------------------------------------------
DROP SCHEMA IF EXISTS `mydb` ;

-- -----------------------------------------------------
-- Schema mydb
-- -----------------------------------------------------
CREATE SCHEMA IF NOT EXISTS `mydb` DEFAULT CHARACTER SET utf8 ;
USE `mydb` ;

-- -----------------------------------------------------
-- Table `mydb`.`User`
-- -----------------------------------------------------
DROP TABLE IF EXISTS `mydb`.`User` ;

CREATE TABLE IF NOT EXISTS `mydb`.`User` (
  `idUser` INT NOT NULL,
  `username` VARCHAR(45) NOT NULL,
  `email` VARCHAR(255) NULL,
  `password` VARCHAR(32) NOT NULL,
  `userMode` VARCHAR(32) NOT NULL,
  INDEX `username` (`username` ASC),
  PRIMARY KEY (`idUser`),
  UNIQUE INDEX `UserId_UNIQUE` (`idUser` ASC));


-- -----------------------------------------------------
-- Table `mydb`.`Exercise`
-- -----------------------------------------------------
DROP TABLE IF EXISTS `mydb`.`Exercise` ;

CREATE TABLE IF NOT EXISTS `mydb`.`Exercise` (
  `idExercise` INT NOT NULL,
  `Text` VARCHAR(255) NULL,
  PRIMARY KEY (`idExercise`),
  UNIQUE INDEX `idExercise_UNIQUE` (`idExercise` ASC))
ENGINE = InnoDB;


-- -----------------------------------------------------
-- Table `mydb`.`Program`
-- -----------------------------------------------------
DROP TABLE IF EXISTS `mydb`.`Program` ;

CREATE TABLE IF NOT EXISTS `mydb`.`Program` (
  `idProgram` INT NOT NULL,
  `Path` VARCHAR(255) NULL,
  UNIQUE INDEX `ProgramId_UNIQUE` (`idProgram` ASC),
  PRIMARY KEY (`idProgram`))
ENGINE = InnoDB;


-- -----------------------------------------------------
-- Table `mydb`.`TestResult`
-- -----------------------------------------------------
DROP TABLE IF EXISTS `mydb`.`TestResult` ;

CREATE TABLE IF NOT EXISTS `mydb`.`TestResult` (
  `Result` VARCHAR(45) NULL,
  `Program_idProgram1` INT NOT NULL,
  INDEX `fk_TestResult_Program1_idx` (`Program_idProgram1` ASC),
  PRIMARY KEY (`Program_idProgram1`),
  CONSTRAINT `fk_TestResult_Program1`
    FOREIGN KEY (`Program_idProgram1`)
    REFERENCES `mydb`.`Program` (`idProgram`)
    ON DELETE NO ACTION
    ON UPDATE NO ACTION)
ENGINE = InnoDB;


-- -----------------------------------------------------
-- Table `mydb`.`Test`
-- -----------------------------------------------------
DROP TABLE IF EXISTS `mydb`.`Test` ;

CREATE TABLE IF NOT EXISTS `mydb`.`Test` (
  `idTest` INT NOT NULL AUTO_INCREMENT,
  `TestInput` VARCHAR(255) NOT NULL,
  `Answer` VARCHAR(45) NOT NULL,
  `Exercise_idExercise` INT NOT NULL,
  PRIMARY KEY (`idTest`),
  INDEX `fk_Test_Exercise1_idx` (`Exercise_idExercise` ASC),
  UNIQUE INDEX `idTest_UNIQUE` (`idTest` ASC),
  CONSTRAINT `fk_Test_Exercise1`
    FOREIGN KEY (`Exercise_idExercise`)
    REFERENCES `mydb`.`Exercise` (`idExercise`)
    ON DELETE NO ACTION
    ON UPDATE NO ACTION)
ENGINE = InnoDB;


-- -----------------------------------------------------
-- Table `mydb`.`User_has_Exercise`
-- -----------------------------------------------------
DROP TABLE IF EXISTS `mydb`.`User_has_Exercise` ;

CREATE TABLE IF NOT EXISTS `mydb`.`User_has_Exercise` (
  `User_idUser` INT NOT NULL,
  `Exercise_idExercise` INT NOT NULL,
  `idProgram` INT NOT NULL AUTO_INCREMENT,
  INDEX `fk_User_has_Exercise_Exercise1_idx` (`Exercise_idExercise` ASC, `User_idUser` ASC),
  INDEX `fk_User_has_Exercise_Program1_idx` (`idProgram` ASC),
  PRIMARY KEY (`idProgram`),
  UNIQUE INDEX `idUser_Has_Exercise_UNIQUE` (`idProgram` ASC));


SET SQL_MODE=@OLD_SQL_MODE;
SET FOREIGN_KEY_CHECKS=@OLD_FOREIGN_KEY_CHECKS;
SET UNIQUE_CHECKS=@OLD_UNIQUE_CHECKS;

insert into `mydb`.`user` (`idUser`,`username`, `email`, `password`, `userMode`) VALUES (1, 'admin', 1, 1, 'admin');
insert into `mydb`.`user` (`idUser`,`username`, `email`, `password`, `userMode`) VALUES (2, 'testUser1', 1, 2, 'user');
insert into `mydb`.`user` (`idUser`,`username`, `email`, `password`, `userMode`) VALUES (3, 'testUser2', 1, 3, 'user');
insert into `mydb`.`user` (`idUser`,`username`, `email`, `password`, `userMode`) VALUES (4, 'testUser2', 1, 4, 'user');
insert into `mydb`.`user` (`idUser`,`username`, `email`, `password`, `userMode`) VALUES (5, 'testUser2', 1, 5, 'user');
insert into `mydb`.`user` (`idUser`,`username`, `email`, `password`, `userMode`) VALUES (6, 'testUser2', 1, 6, 'user');

insert into `mydb`.`exercise` (`idExercise`,`Text`) VALUES(1, '1 Exerise');
insert into `mydb`.`exercise` (`idExercise`,`Text`) VALUES(2, '2 Exerise');
insert into `mydb`.`exercise` (`idExercise`,`Text`) VALUES(3, '4 Exerise');
insert into `mydb`.`exercise` (`idExercise`,`Text`) VALUES(4, '3 Exerise');
insert into `mydb`.`exercise` (`idExercise`,`Text`) VALUES(5, '5 Exerise');

insert into `mydb`.`test` (`Exercise_idExercise`,`testInput`,`answer`) VALUES(1, 'Hello World', 'Hello');
insert into `mydb`.`test` (`Exercise_idExercise`,`testInput`,`answer`) VALUES(1, 'Bye', 'Bye');
insert into `mydb`.`test` (`Exercise_idExercise`,`testInput`,`answer`) VALUES(1, 'Do you wann hang out?', 'No, ur a creep');

insert into `mydb`.`test` (`Exercise_idExercise`,`testInput`,`answer`) VALUES(2, 'Hello World', 'Hello');
insert into `mydb`.`test` (`Exercise_idExercise`,`testInput`,`answer`) VALUES(3, 'Bye', 'Bye');
insert into `mydb`.`test` (`Exercise_idExercise`,`testInput`,`answer`) VALUES(4, 'Do you wann hang out?', 'No, ur a creep');
insert into `mydb`.`test` (`Exercise_idExercise`,`testInput`,`answer`) VALUES(5, '3', '1');
insert into `mydb`.`test` (`Exercise_idExercise`,`testInput`,`answer`) VALUES(5, '2', '0');
insert into `mydb`.`test` (`Exercise_idExercise`,`testInput`,`answer`) VALUES(5, '1', '-1');

insert into `mydb`.`User_has_Exercise` (`User_idUser`,`Exercise_idExercise`) VALUES(2, 1);
insert into `mydb`.`User_has_Exercise` (`User_idUser`,`Exercise_idExercise`) VALUES(2, 2);
insert into `mydb`.`User_has_Exercise` (`User_idUser`,`Exercise_idExercise`) VALUES(2, 3);


insert into `mydb`.`User_has_Exercise` (`User_idUser`,`Exercise_idExercise`) VALUES(3, 1);
insert into `mydb`.`User_has_Exercise` (`User_idUser`,`Exercise_idExercise`) VALUES(3, 4);
insert into `mydb`.`User_has_Exercise` (`User_idUser`,`Exercise_idExercise`) VALUES(3, 5);


